device_hash,ap_id,timestamp
DH0135f78a1ecf,AP_ADMIN_1,10/25/2025 19:55
DH78c57120ace3,AP_LIB_1,10/25/2025 19:55
DHa391e09facec,AP_ENG_5,10/25/2025 19:55
DH0226f581c4a9,AP_AUD_3,10/25/2025 19:55
DH734456b3b9ea,AP_LAB_4,10/25/2025 19:55
DH97eb5013a1da,AP_ENG_5,10/25/2025 19:55
DH5080a7baca6e,AP_ENG_2,10/25/2025 19:55
DH96267c5272a9,AP_LAB_2,10/25/2025 19:55
DH42a5ec779789,AP_ENG_2,10/25/2025 19:55
DHf819ccf75ba1,AP_CAF_3,10/25/2025 19:56
DHf5879b660436,AP_ADMIN_1,10/25/2025 19:56
DH766c7d505ca8,AP_CAF_3,10/25/2025 19:56
DH43d8326b91ab,AP_ADMIN_1,10/25/2025 19:56
DHf3ef69644350,AP_ENG_5,10/25/2025 19:56
DH6b0af297f809,AP_ENG_5,10/25/2025 19:56
DHc5ce0b297c63,AP_ENG_2,10/25/2025 19:56
DH8daf69f388aa,AP_CAF_3,10/25/2025 19:56
DH51ea5bb43a71,AP_LAB_2,10/25/2025 19:56
DH4f05bcd53e01,AP_LAB_2,10/25/2025 19:56
DH44716fd29ff3,AP_ENG_2,10/25/2025 19:56
DH2e887af1c51e,AP_ADMIN_1,10/25/2025 19:56
DHa8f097222cae,AP_ADMIN_1,10/25/2025 19:57
DH1dc77b881d6d,AP_LAB_2,10/25/2025 19:57
DHd1c339853e0f,AP_CAF_3,10/25/2025 19:57
DHb11ae84ba22a,AP_LIB_1,10/25/2025 19:57
DH038101cf0ad9,AP_ENG_2,10/25/2025 19:57
